age,relative_attendance
6,1.0
7,1.0
8,1.0
9,1.0
10,1.0
11,1.0
12,1.0
13,0.775
14,0.55
15,0.32499999999999996
16,0.1
17,0.07500000000000001
18,0.05
